0,0,0,38,507,1,0,0,0,0,0,0
0,0,1,40,505,0,0,0,0,0,0,0
0,0,1,45,500,0,0,0,0,0,0,0
0,0,4,51,491,0,0,0,0,0,0,0
0,0,5,70,471,0,0,0,0,0,0,0
0,0,7,98,441,0,0,0,0,0,0,0
0,0,14,123,409,0,0,0,0,0,0,0
0,1,34,168,343,0,0,0,0,0,0,0
0,7,45,223,271,0,0,0,0,0,0,0
0,9,92,278,167,0,0,0,0,0,0,0
0,0,0,40,505,1,0,0,0,0,0,0
0,0,1,41,504,0,0,0,0,0,0,0
0,0,1,44,501,0,0,0,0,0,0,0
0,0,3,52,491,0,0,0,0,0,0,0
0,0,5,65,476,0,0,0,0,0,0,0
0,0,7,89,450,0,0,0,0,0,0,0
0,0,13,130,403,0,0,0,0,0,0,0
0,1,34,154,357,0,0,0,0,0,0,0
0,4,51,213,278,0,0,0,0,0,0,0
0,9,84,285,168,0,0,0,0,0,0,0
0,0,0,41,505,0,0,0,0,0,0,0
0,0,1,42,503,0,0,0,0,0,0,0
0,0,1,47,498,0,0,0,0,0,0,0
0,0,3,50,493,0,0,0,0,0,0,0
0,0,5,63,478,0,0,0,0,0,0,0
0,0,6,87,453,0,0,0,0,0,0,0
0,0,11,119,416,0,0,0,0,0,0,0
0,1,34,154,357,0,0,0,0,0,0,0
0,7,47,211,281,0,0,0,0,0,0,0
0,10,84,268,184,0,0,0,0,0,0,0
0,0,0,30,485,20,6,2,1,1,1,0
0,0,0,37,506,3,0,0,0,0,0,0
0,0,0,38,507,1,0,0,0,0,0,0
0,0,0,38,507,1,0,0,0,0,0,0
0,0,0,39,507,0,0,0,0,0,0,0
0,0,1,42,503,0,0,0,0,0,0,0
0,0,4,53,489,0,0,0,0,0,0,0
0,0,5,78,463,0,0,0,0,0,0,0
0,0,12,118,416,0,0,0,0,0,0,0
0,1,35,177,333,0,0,0,0,0,0,0
0,8,65,252,221,0,0,0,0,0,0,0
0,0,0,32,479,25,4,3,1,1,0,1
0,0,0,39,502,5,0,0,0,0,0,0
0,0,0,40,504,2,0,0,0,0,0,0
0,0,0,40,505,1,0,0,0,0,0,0
0,0,0,41,505,0,0,0,0,0,0,0
0,0,1,43,502,0,0,0,0,0,0,0
0,0,3,52,491,0,0,0,0,0,0,0
0,0,5,72,469,0,0,0,0,0,0,0
0,0,8,111,427,0,0,0,0,0,0,0
0,1,34,154,357,0,0,0,0,0,0,0
0,7,57,230,252,0,0,0,0,0,0,0
0,0,0,34,484,18,4,3,1,1,0,1
0,0,0,38,504,4,0,0,0,0,0,0
0,0,0,41,504,1,0,0,0,0,0,0
0,0,0,41,505,0,0,0,0,0,0,0
0,0,0,42,504,0,0,0,0,0,0,0
0,0,1,44,501,0,0,0,0,0,0,0
0,0,2,50,494,0,0,0,0,0,0,0
0,0,6,66,474,0,0,0,0,0,0,0
0,0,9,104,433,0,0,0,0,0,0,0
0,0,29,146,371,0,0,0,0,0,0,0
0,7,47,211,281,0,0,0,0,0,0,0
